origin,destination,departure_time,data_source,source_doc,source_name
Kopargaon,Beed,12:30,OFFICIAL,Kopargaon-Bus-Stand-Timetable.pdf,Authenticated Kopargaon Bus Stand Timetable
Kopargaon,Chhatrapati Sambhaji Nagar (Aurangabad),06:45,OFFICIAL,Kopargaon-Bus-Stand-Timetable.pdf,Authenticated Kopargaon Bus Stand Timetable
Kopargaon,Chhatrapati Sambhaji Nagar (Aurangabad),08:30,OFFICIAL,Kopargaon-Bus-Stand-Timetable.pdf,Authenticated Kopargaon Bus Stand Timetable
Kopargaon,Chhatrapati Sambhaji Nagar (Aurangabad),09:30,OFFICIAL,Kopargaon-Bus-Stand-Timetable.pdf,Authenticated Kopargaon Bus Stand Timetable
Kopargaon,Dhule,06:30,OFFICIAL,Kopargaon-Bus-Stand-Timetable.pdf,Authenticated Kopargaon Bus Stand Timetable
Kopargaon,Dongarkinhi,11:30,OFFICIAL,Kopargaon-Bus-Stand-Timetable.pdf,Authenticated Kopargaon Bus Stand Timetable
Kopargaon,Hyderabad,16:30,OFFICIAL,Kopargaon-Bus-Stand-Timetable.pdf,Authenticated Kopargaon Bus Stand Timetable
Kopargaon,Mahur,06:30,OFFICIAL,Kopargaon-Bus-Stand-Timetable.pdf,Authenticated Kopargaon Bus Stand Timetable
Kopargaon,Malegaon,10:00,OFFICIAL,Kopargaon-Bus-Stand-Timetable.pdf,Authenticated Kopargaon Bus Stand Timetable
Kopargaon,Manmad,10:00,OFFICIAL,Kopargaon-Bus-Stand-Timetable.pdf,Authenticated Kopargaon Bus Stand Timetable
Kopargaon,Mumbai,07:00,OFFICIAL,Kopargaon-Bus-Stand-Timetable.pdf,Authenticated Kopargaon Bus Stand Timetable
Kopargaon,Nashik,06:30,OFFICIAL,Kopargaon-Bus-Stand-Timetable.pdf,Authenticated Kopargaon Bus Stand Timetable
Kopargaon,Nashik,07:15,OFFICIAL,Kopargaon-Bus-Stand-Timetable.pdf,Authenticated Kopargaon Bus Stand Timetable
Kopargaon,Nashik,08:00,OFFICIAL,Kopargaon-Bus-Stand-Timetable.pdf,Authenticated Kopargaon Bus Stand Timetable
Kopargaon,Nashik,09:00,OFFICIAL,Kopargaon-Bus-Stand-Timetable.pdf,Authenticated Kopargaon Bus Stand Timetable
Kopargaon,Nashik,10:00,OFFICIAL,Kopargaon-Bus-Stand-Timetable.pdf,Authenticated Kopargaon Bus Stand Timetable
Kopargaon,Nashik,11:00,OFFICIAL,Kopargaon-Bus-Stand-Timetable.pdf,Authenticated Kopargaon Bus Stand Timetable
Kopargaon,Nashik,12:00,OFFICIAL,Kopargaon-Bus-Stand-Timetable.pdf,Authenticated Kopargaon Bus Stand Timetable
Kopargaon,Nashik,13:00,OFFICIAL,Kopargaon-Bus-Stand-Timetable.pdf,Authenticated Kopargaon Bus Stand Timetable
Kopargaon,Nashik,14:00,OFFICIAL,Kopargaon-Bus-Stand-Timetable.pdf,Authenticated Kopargaon Bus Stand Timetable
Kopargaon,Nashik,15:00,OFFICIAL,Kopargaon-Bus-Stand-Timetable.pdf,Authenticated Kopargaon Bus Stand Timetable
Kopargaon,Nashik,17:00,OFFICIAL,Kopargaon-Bus-Stand-Timetable.pdf,Authenticated Kopargaon Bus Stand Timetable
Kopargaon,Nashik,18:00,OFFICIAL,Kopargaon-Bus-Stand-Timetable.pdf,Authenticated Kopargaon Bus Stand Timetable
Kopargaon,Nashik via Dhamori,07:30,OFFICIAL,Kopargaon-Bus-Stand-Timetable.pdf,Authenticated Kopargaon Bus Stand Timetable
Kopargaon,Paithan,06:45,OFFICIAL,Kopargaon-Bus-Stand-Timetable.pdf,Authenticated Kopargaon Bus Stand Timetable
Kopargaon,Pandharpur,09:00,OFFICIAL,Kopargaon-Bus-Stand-Timetable.pdf,Authenticated Kopargaon Bus Stand Timetable
Kopargaon,Pandharpur,19:30,OFFICIAL,Kopargaon-Bus-Stand-Timetable.pdf,Authenticated Kopargaon Bus Stand Timetable
Kopargaon,Pune via Ahmednagar,05:00,OFFICIAL,Kopargaon-Bus-Stand-Timetable.pdf,Authenticated Kopargaon Bus Stand Timetable
Kopargaon,Pune via Ahmednagar,07:15,OFFICIAL,Kopargaon-Bus-Stand-Timetable.pdf,Authenticated Kopargaon Bus Stand Timetable
Kopargaon,Pune via Ahmednagar,08:00,OFFICIAL,Kopargaon-Bus-Stand-Timetable.pdf,Authenticated Kopargaon Bus Stand Timetable
Kopargaon,Pune via Ahmednagar,14:30,OFFICIAL,Kopargaon-Bus-Stand-Timetable.pdf,Authenticated Kopargaon Bus Stand Timetable
Kopargaon,Pune via Loni Sangamner,05:30,OFFICIAL,Kopargaon-Bus-Stand-Timetable.pdf,Authenticated Kopargaon Bus Stand Timetable
Kopargaon,Pune via Loni Sangamner (Shivshahi),06:15,OFFICIAL,Kopargaon-Bus-Stand-Timetable.pdf,Authenticated Kopargaon Bus Stand Timetable
Kopargaon,Pune via Loni Sangamner (Shivshahi),08:00,OFFICIAL,Kopargaon-Bus-Stand-Timetable.pdf,Authenticated Kopargaon Bus Stand Timetable
Kopargaon,Pune via Loni Sangamner (Shivshahi),09:00,OFFICIAL,Kopargaon-Bus-Stand-Timetable.pdf,Authenticated Kopargaon Bus Stand Timetable
Kopargaon,Pune via Loni Sangamner (Shivshahi),11:30,OFFICIAL,Kopargaon-Bus-Stand-Timetable.pdf,Authenticated Kopargaon Bus Stand Timetable
Kopargaon,Pune via Talegaon Sangamner,07:00,OFFICIAL,Kopargaon-Bus-Stand-Timetable.pdf,Authenticated Kopargaon Bus Stand Timetable
Kopargaon,Pune via Talegaon Sangamner,14:00,OFFICIAL,Kopargaon-Bus-Stand-Timetable.pdf,Authenticated Kopargaon Bus Stand Timetable
Kopargaon,Sangamner,08:30,OFFICIAL,Kopargaon-Bus-Stand-Timetable.pdf,Authenticated Kopargaon Bus Stand Timetable
Kopargaon,Sangamner,09:30,OFFICIAL,Kopargaon-Bus-Stand-Timetable.pdf,Authenticated Kopargaon Bus Stand Timetable
Kopargaon,Sangamner,12:00,OFFICIAL,Kopargaon-Bus-Stand-Timetable.pdf,Authenticated Kopargaon Bus Stand Timetable
Kopargaon,Sangamner,13:30,OFFICIAL,Kopargaon-Bus-Stand-Timetable.pdf,Authenticated Kopargaon Bus Stand Timetable
Kopargaon,Sangamner,17:30,OFFICIAL,Kopargaon-Bus-Stand-Timetable.pdf,Authenticated Kopargaon Bus Stand Timetable
Kopargaon,Sangamner,18:30,OFFICIAL,Kopargaon-Bus-Stand-Timetable.pdf,Authenticated Kopargaon Bus Stand Timetable
Kopargaon,Shirdi,08:00,OFFICIAL,Kopargaon-Bus-Stand-Timetable.pdf,Authenticated Kopargaon Bus Stand Timetable
Kopargaon,Shirdi,11:30,OFFICIAL,Kopargaon-Bus-Stand-Timetable.pdf,Authenticated Kopargaon Bus Stand Timetable
Kopargaon,Shirdi,15:00,OFFICIAL,Kopargaon-Bus-Stand-Timetable.pdf,Authenticated Kopargaon Bus Stand Timetable
Kopargaon,Shirpur,12:30,OFFICIAL,Kopargaon-Bus-Stand-Timetable.pdf,Authenticated Kopargaon Bus Stand Timetable
Kopargaon,Shrirampur,08:00,OFFICIAL,Kopargaon-Bus-Stand-Timetable.pdf,Authenticated Kopargaon Bus Stand Timetable
Kopargaon,Shrirampur,09:00,OFFICIAL,Kopargaon-Bus-Stand-Timetable.pdf,Authenticated Kopargaon Bus Stand Timetable
Kopargaon,Shrirampur,10:45,OFFICIAL,Kopargaon-Bus-Stand-Timetable.pdf,Authenticated Kopargaon Bus Stand Timetable
Kopargaon,Shrirampur,11:00,OFFICIAL,Kopargaon-Bus-Stand-Timetable.pdf,Authenticated Kopargaon Bus Stand Timetable
Kopargaon,Shrirampur,12:00,OFFICIAL,Kopargaon-Bus-Stand-Timetable.pdf,Authenticated Kopargaon Bus Stand Timetable
Kopargaon,Shrirampur,13:00,OFFICIAL,Kopargaon-Bus-Stand-Timetable.pdf,Authenticated Kopargaon Bus Stand Timetable
Kopargaon,Shrirampur,14:30,OFFICIAL,Kopargaon-Bus-Stand-Timetable.pdf,Authenticated Kopargaon Bus Stand Timetable
Kopargaon,Shrirampur,16:00,OFFICIAL,Kopargaon-Bus-Stand-Timetable.pdf,Authenticated Kopargaon Bus Stand Timetable
Kopargaon,Shrirampur,18:15,OFFICIAL,Kopargaon-Bus-Stand-Timetable.pdf,Authenticated Kopargaon Bus Stand Timetable
Kopargaon,Trimbakeshwar - Nashik,16:00,OFFICIAL,Kopargaon-Bus-Stand-Timetable.pdf,Authenticated Kopargaon Bus Stand Timetable
Kopargaon,Vaijapur,06:00,OFFICIAL,Kopargaon-Bus-Stand-Timetable.pdf,Authenticated Kopargaon Bus Stand Timetable
Kopargaon,Vaijapur,08:00,OFFICIAL,Kopargaon-Bus-Stand-Timetable.pdf,Authenticated Kopargaon Bus Stand Timetable
Kopargaon,Vaijapur,10:00,OFFICIAL,Kopargaon-Bus-Stand-Timetable.pdf,Authenticated Kopargaon Bus Stand Timetable
Kopargaon,Vaijapur,10:30,OFFICIAL,Kopargaon-Bus-Stand-Timetable.pdf,Authenticated Kopargaon Bus Stand Timetable
Kopargaon,Vaijapur,12:30,OFFICIAL,Kopargaon-Bus-Stand-Timetable.pdf,Authenticated Kopargaon Bus Stand Timetable
Kopargaon,Vaijapur,17:15,OFFICIAL,Kopargaon-Bus-Stand-Timetable.pdf,Authenticated Kopargaon Bus Stand Timetable
Kopargaon,Vaijapur,19:30,OFFICIAL,Kopargaon-Bus-Stand-Timetable.pdf,Authenticated Kopargaon Bus Stand Timetable
Kopargaon,Apegaon,06:30,OFFICIAL,Kopargaon-Bus-Stand-Timetable.pdf,Authenticated Kopargaon Bus Stand Timetable
Kopargaon,Apegaon,07:45,OFFICIAL,Kopargaon-Bus-Stand-Timetable.pdf,Authenticated Kopargaon Bus Stand Timetable
Kopargaon,Chas,06:00,OFFICIAL,Kopargaon-Bus-Stand-Timetable.pdf,Authenticated Kopargaon Bus Stand Timetable
Kopargaon,Chas,11:15,OFFICIAL,Kopargaon-Bus-Stand-Timetable.pdf,Authenticated Kopargaon Bus Stand Timetable
Kopargaon,Dahegaon,08:00,OFFICIAL,Kopargaon-Bus-Stand-Timetable.pdf,Authenticated Kopargaon Bus Stand Timetable
Kopargaon,Dhamori,15:45,OFFICIAL,Kopargaon-Bus-Stand-Timetable.pdf,Authenticated Kopargaon Bus Stand Timetable
Kopargaon,Dhomori,07:30,OFFICIAL,Kopargaon-Bus-Stand-Timetable.pdf,Authenticated Kopargaon Bus Stand Timetable
Kopargaon,Dhomori,15:45,OFFICIAL,Kopargaon-Bus-Stand-Timetable.pdf,Authenticated Kopargaon Bus Stand Timetable
Kopargaon,Dhotra,10:30,OFFICIAL,Kopargaon-Bus-Stand-Timetable.pdf,Authenticated Kopargaon Bus Stand Timetable
Kopargaon,Dhotra,15:15,OFFICIAL,Kopargaon-Bus-Stand-Timetable.pdf,Authenticated Kopargaon Bus Stand Timetable
Kopargaon,Ghoyegaon,07:45,OFFICIAL,Kopargaon-Bus-Stand-Timetable.pdf,Authenticated Kopargaon Bus Stand Timetable
Kopargaon,Ghoyegaon,17:30,OFFICIAL,Kopargaon-Bus-Stand-Timetable.pdf,Authenticated Kopargaon Bus Stand Timetable
Kopargaon,Godhegaon,11:30,OFFICIAL,Kopargaon-Bus-Stand-Timetable.pdf,Authenticated Kopargaon Bus Stand Timetable
Kopargaon,Handewadi,08:05,OFFICIAL,Kopargaon-Bus-Stand-Timetable.pdf,Authenticated Kopargaon Bus Stand Timetable
Kopargaon,Handewadi,10:00,OFFICIAL,Kopargaon-Bus-Stand-Timetable.pdf,Authenticated Kopargaon Bus Stand Timetable
Kopargaon,Handewadi,12:15,OFFICIAL,Kopargaon-Bus-Stand-Timetable.pdf,Authenticated Kopargaon Bus Stand Timetable
Kopargaon,Handewadi,13:30,OFFICIAL,Kopargaon-Bus-Stand-Timetable.pdf,Authenticated Kopargaon Bus Stand Timetable
Kopargaon,Handewadi,14:30,OFFICIAL,Kopargaon-Bus-Stand-Timetable.pdf,Authenticated Kopargaon Bus Stand Timetable
Kopargaon,Handewadi,17:00,OFFICIAL,Kopargaon-Bus-Stand-Timetable.pdf,Authenticated Kopargaon Bus Stand Timetable
Kopargaon,Handewadi,19:30,OFFICIAL,Kopargaon-Bus-Stand-Timetable.pdf,Authenticated Kopargaon Bus Stand Timetable
Kopargaon,Karanji,10:15,OFFICIAL,Kopargaon-Bus-Stand-Timetable.pdf,Authenticated Kopargaon Bus Stand Timetable
Kopargaon,Karanji,15:45,OFFICIAL,Kopargaon-Bus-Stand-Timetable.pdf,Authenticated Kopargaon Bus Stand Timetable
Kopargaon,Karanji,17:15,OFFICIAL,Kopargaon-Bus-Stand-Timetable.pdf,Authenticated Kopargaon Bus Stand Timetable
Kopargaon,Karanji Bolki,08:00,OFFICIAL,Kopargaon-Bus-Stand-Timetable.pdf,Authenticated Kopargaon Bus Stand Timetable
Kopargaon,Karwadi,08:00,OFFICIAL,Kopargaon-Bus-Stand-Timetable.pdf,Authenticated Kopargaon Bus Stand Timetable
Kopargaon,Karwadi,12:15,OFFICIAL,Kopargaon-Bus-Stand-Timetable.pdf,Authenticated Kopargaon Bus Stand Timetable
Kopargaon,Karwadi,17:30,OFFICIAL,Kopargaon-Bus-Stand-Timetable.pdf,Authenticated Kopargaon Bus Stand Timetable
Kopargaon,Kelwad,06:30,OFFICIAL,Kopargaon-Bus-Stand-Timetable.pdf,Authenticated Kopargaon Bus Stand Timetable
Kopargaon,Khopdi,07:45,OFFICIAL,Kopargaon-Bus-Stand-Timetable.pdf,Authenticated Kopargaon Bus Stand Timetable
Kopargaon,Khopdi,12:30,OFFICIAL,Kopargaon-Bus-Stand-Timetable.pdf,Authenticated Kopargaon Bus Stand Timetable
Kopargaon,Khopdi,17:30,OFFICIAL,Kopargaon-Bus-Stand-Timetable.pdf,Authenticated Kopargaon Bus Stand Timetable
Kopargaon,Khopdi,19:20,OFFICIAL,Kopargaon-Bus-Stand-Timetable.pdf,Authenticated Kopargaon Bus Stand Timetable
Kopargaon,Kokamthan,10:00,OFFICIAL,Kopargaon-Bus-Stand-Timetable.pdf,Authenticated Kopargaon Bus Stand Timetable
Kopargaon,Kokamthan,17:30,OFFICIAL,Kopargaon-Bus-Stand-Timetable.pdf,Authenticated Kopargaon Bus Stand Timetable
Kopargaon,Kolpewadi,08:00,OFFICIAL,Kopargaon-Bus-Stand-Timetable.pdf,Authenticated Kopargaon Bus Stand Timetable
Kopargaon,Kolpewadi,09:00,OFFICIAL,Kopargaon-Bus-Stand-Timetable.pdf,Authenticated Kopargaon Bus Stand Timetable
Kopargaon,Kolpewadi,10:00,OFFICIAL,Kopargaon-Bus-Stand-Timetable.pdf,Authenticated Kopargaon Bus Stand Timetable
Kopargaon,Kolpewadi,11:00,OFFICIAL,Kopargaon-Bus-Stand-Timetable.pdf,Authenticated Kopargaon Bus Stand Timetable
Kopargaon,Kolpewadi,12:15,OFFICIAL,Kopargaon-Bus-Stand-Timetable.pdf,Authenticated Kopargaon Bus Stand Timetable
Kopargaon,Kolpewadi,13:30,OFFICIAL,Kopargaon-Bus-Stand-Timetable.pdf,Authenticated Kopargaon Bus Stand Timetable
Kopargaon,Kolpewadi,15:15,OFFICIAL,Kopargaon-Bus-Stand-Timetable.pdf,Authenticated Kopargaon Bus Stand Timetable
Kopargaon,Kolpewadi,17:15,OFFICIAL,Kopargaon-Bus-Stand-Timetable.pdf,Authenticated Kopargaon Bus Stand Timetable
Kopargaon,Kolpewadi,19:00,OFFICIAL,Kopargaon-Bus-Stand-Timetable.pdf,Authenticated Kopargaon Bus Stand Timetable
Kopargaon,Madhi,08:05,OFFICIAL,Kopargaon-Bus-Stand-Timetable.pdf,Authenticated Kopargaon Bus Stand Timetable
Kopargaon,Madhi,15:45,OFFICIAL,Kopargaon-Bus-Stand-Timetable.pdf,Authenticated Kopargaon Bus Stand Timetable
Kopargaon,Padegaon,07:20,OFFICIAL,Kopargaon-Bus-Stand-Timetable.pdf,Authenticated Kopargaon Bus Stand Timetable
Kopargaon,Pathardi,14:00,OFFICIAL,Kopargaon-Bus-Stand-Timetable.pdf,Authenticated Kopargaon Bus Stand Timetable
Kopargaon,Pathare,06:30,OFFICIAL,Kopargaon-Bus-Stand-Timetable.pdf,Authenticated Kopargaon Bus Stand Timetable
Kopargaon,Pathare,15:30,OFFICIAL,Kopargaon-Bus-Stand-Timetable.pdf,Authenticated Kopargaon Bus Stand Timetable
Kopargaon,Puntamba,05:30,OFFICIAL,Kopargaon-Bus-Stand-Timetable.pdf,Authenticated Kopargaon Bus Stand Timetable
Kopargaon,Puntamba,07:45,OFFICIAL,Kopargaon-Bus-Stand-Timetable.pdf,Authenticated Kopargaon Bus Stand Timetable
Kopargaon,Puntamba,17:30,OFFICIAL,Kopargaon-Bus-Stand-Timetable.pdf,Authenticated Kopargaon Bus Stand Timetable
Kopargaon,Ravande,10:00,OFFICIAL,Kopargaon-Bus-Stand-Timetable.pdf,Authenticated Kopargaon Bus Stand Timetable
Kopargaon,Sade,09:30,OFFICIAL,Kopargaon-Bus-Stand-Timetable.pdf,Authenticated Kopargaon Bus Stand Timetable
Kopargaon,Sade,17:30,OFFICIAL,Kopargaon-Bus-Stand-Timetable.pdf,Authenticated Kopargaon Bus Stand Timetable
Kopargaon,Sangvi,09:45,OFFICIAL,Kopargaon-Bus-Stand-Timetable.pdf,Authenticated Kopargaon Bus Stand Timetable
Kopargaon,Sangvi,17:30,OFFICIAL,Kopargaon-Bus-Stand-Timetable.pdf,Authenticated Kopargaon Bus Stand Timetable
Kopargaon,Sangvi,18:30,OFFICIAL,Kopargaon-Bus-Stand-Timetable.pdf,Authenticated Kopargaon Bus Stand Timetable
Kopargaon,Satyagaon,08:00,OFFICIAL,Kopargaon-Bus-Stand-Timetable.pdf,Authenticated Kopargaon Bus Stand Timetable
Kopargaon,Satyagaon,18:30,OFFICIAL,Kopargaon-Bus-Stand-Timetable.pdf,Authenticated Kopargaon Bus Stand Timetable
Kopargaon,Sharda Chas,07:45,OFFICIAL,Kopargaon-Bus-Stand-Timetable.pdf,Authenticated Kopargaon Bus Stand Timetable
Kopargaon,Sharda Chas,15:45,OFFICIAL,Kopargaon-Bus-Stand-Timetable.pdf,Authenticated Kopargaon Bus Stand Timetable
Kopargaon,Sonewadi,06:30,OFFICIAL,Kopargaon-Bus-Stand-Timetable.pdf,Authenticated Kopargaon Bus Stand Timetable
Kopargaon,Sonewadi,09:15,OFFICIAL,Kopargaon-Bus-Stand-Timetable.pdf,Authenticated Kopargaon Bus Stand Timetable
Kopargaon,Sonewadi,12:30,OFFICIAL,Kopargaon-Bus-Stand-Timetable.pdf,Authenticated Kopargaon Bus Stand Timetable
Kopargaon,Sonewadi,17:30,OFFICIAL,Kopargaon-Bus-Stand-Timetable.pdf,Authenticated Kopargaon Bus Stand Timetable
Kopargaon,Vadangali,11:30,OFFICIAL,Kopargaon-Bus-Stand-Timetable.pdf,Authenticated Kopargaon Bus Stand Timetable
Kopargaon,Vadgaon / Wadgaon,16:00,OFFICIAL,Kopargaon-Bus-Stand-Timetable.pdf,Authenticated Kopargaon Bus Stand Timetable
Kopargaon,Vari,08:00,OFFICIAL,Kopargaon-Bus-Stand-Timetable.pdf,Authenticated Kopargaon Bus Stand Timetable
Kopargaon,Vari,09:30,OFFICIAL,Kopargaon-Bus-Stand-Timetable.pdf,Authenticated Kopargaon Bus Stand Timetable
Kopargaon,Vari,10:30,OFFICIAL,Kopargaon-Bus-Stand-Timetable.pdf,Authenticated Kopargaon Bus Stand Timetable
Kopargaon,Vari,12:30,OFFICIAL,Kopargaon-Bus-Stand-Timetable.pdf,Authenticated Kopargaon Bus Stand Timetable
Kopargaon,Vari,14:30,OFFICIAL,Kopargaon-Bus-Stand-Timetable.pdf,Authenticated Kopargaon Bus Stand Timetable
Kopargaon,Vari,17:30,OFFICIAL,Kopargaon-Bus-Stand-Timetable.pdf,Authenticated Kopargaon Bus Stand Timetable
Kopargaon,Vari,19:30,OFFICIAL,Kopargaon-Bus-Stand-Timetable.pdf,Authenticated Kopargaon Bus Stand Timetable
Kopargaon,Wadangli,11:30,OFFICIAL,Kopargaon-Bus-Stand-Timetable.pdf,Authenticated Kopargaon Bus Stand Timetable
Kopargaon,Wadangli,19:30,OFFICIAL,Kopargaon-Bus-Stand-Timetable.pdf,Authenticated Kopargaon Bus Stand Timetable
Kopargaon,Yeola Nandesar,07:45,OFFICIAL,Kopargaon-Bus-Stand-Timetable.pdf,Authenticated Kopargaon Bus Stand Timetable
